{"standtask_id":2,"standtask_name":"","conn_json":"[{\"A\":\"909c27fc-89f5-4b8a-8256-c8fe29e32c0e\",\"B\":\"b9115284-7cf6-4402-876b-f13259de96f8\"},{\"A\":\"909c27fc-89f5-4b8a-8256-c8fe29e32c0e\",\"B\":\"133d0c86-b6f2-48e0-acd1-e8a4138aa6f7\"},{\"A\":\"133d0c86-b6f2-48e0-acd1-e8a4138aa6f7\",\"B\":\"44bacb62-b7a9-4b26-b282-c89486c85a47\"}]","rope_json":"[\"{\\\"RopeType\\\":2,\\\"PosA\\\":{\\\"x\\\":-0.0351000056,\\\"y\\\":-0.337900043,\\\"z\\\":-1.623,\\\"normalized\\\":{\\\"x\\\":-0.02116788,\\\"y\\\":-0.20377852,\\\"z\\\":-0.978788137,\\\"magnitude\\\":1.0,\\\"sqrMagnitude\\\":1.0},\\\"magnitude\\\":1.658173,\\\"sqrMagnitude\\\":2.74953747},\\\"PosB\\\":{\\\"x\\\":-0.0351000056,\\\"y\\\":-0.2805,\\\"z\\\":-1.4336,\\\"normalized\\\":{\\\"x\\\":-0.0240212679,\\\"y\\\":-0.1919648,\\\"z\\\":-0.9811078,\\\"normalized\\\":{\\\"x\\\":-0.02402127,\\\"y\\\":-0.19196482,\\\"z\\\":-0.981107831,\\\"magnitude\\\":1.0,\\\"sqrMagnitude\\\":1.00000012},\\\"magnitude\\\":0.99999994,\\\"sqrMagnitude\\\":0.99999994},\\\"magnitude\\\":1.46120536,\\\"sqrMagnitude\\\":2.135121}}\",\"{\\\"RopeType\\\":1,\\\"PosA\\\":{\\\"x\\\":-0.0657,\\\"y\\\":-0.2148,\\\"z\\\":-1.5965,\\\"normalized\\\":{\\\"x\\\":-0.040751148,\\\"y\\\":-0.133232057,\\\"z\\\":-0.990246654,\\\"normalized\\\":{\\\"x\\\":-0.04075115,\\\"y\\\":-0.133232072,\\\"z\\\":-0.9902467,\\\"magnitude\\\":1.0,\\\"sqrMagnitude\\\":1.0},\\\"magnitude\\\":0.99999994,\\\"sqrMagnitude\\\":0.9999999},\\\"magnitude\\\":1.61222458,\\\"sqrMagnitude\\\":2.599268},\\\"PosB\\\":{\\\"x\\\":-0.06605,\\\"y\\\":-0.2805,\\\"z\\\":-1.4336,\\\"normalized\\\":{\\\"x\\\":-0.0451693051,\\\"y\\\":-0.191824213,\\\"z\\\":-0.9803893,\\\"normalized\\\":{\\\"x\\\":-0.04516931,\\\"y\\\":-0.191824228,\\\"z\\\":-0.980389357,\\\"magnitude\\\":1.0,\\\"sqrMagnitude\\\":1.00000012},\\\"magnitude\\\":0.99999994,\\\"sqrMagnitude\\\":0.99999994},\\\"magnitude\\\":1.46227622,\\\"sqrMagnitude\\\":2.13825178}}\",\"{\\\"RopeType\\\":0,\\\"PosA\\\":{\\\"x\\\":-0.0657,\\\"y\\\":-0.120999992,\\\"z\\\":-1.7659,\\\"normalized\\\":{\\\"x\\\":-0.03709225,\\\"y\\\":-0.0683129653,\\\"z\\\":-0.9969742,\\\"magnitude\\\":1.0,\\\"sqrMagnitude\\\":1.0},\\\"magnitude\\\":1.77125955,\\\"sqrMagnitude\\\":3.13736033},\\\"PosB\\\":{\\\"x\\\":-0.1276,\\\"y\\\":-0.2148,\\\"z\\\":-1.5965,\\\"normalized\\\":{\\\"x\\\":-0.078963764,\\\"y\\\":-0.132926464,\\\"z\\\":-0.987975359,\\\"magnitude\\\":1.0,\\\"sqrMagnitude\\\":1.0},\\\"magnitude\\\":1.615931,\\\"sqrMagnitude\\\":2.61123323}}\"]"}