{"standtask_id":10000,"standtask_name":"","conn_json":"[{\"A\":\"4db3fca1-82f4-409f-ad56-ed1d9d128b3c\",\"B\":\"41cbc332-c3bb-46f7-8e75-1b2c3cc7fd09\"},{\"A\":\"43104891-385d-4d65-b69b-a447930ac366\",\"B\":\"abaa4b42-7236-4ef8-9022-face78927cf1\"},{\"A\":\"062d2d95-e4bd-4168-ae07-bb62446d2679\",\"B\":\"41cbc332-c3bb-46f7-8e75-1b2c3cc7fd09\"},{\"A\":\"909c27fc-89f5-4b8a-8256-c8fe29e32c0e\",\"B\":\"b517a2ce-c6ab-4dd4-a0d7-ba424185016e\"}]","rope_json":"[\"{\\\"RopeType\\\":0,\\\"PosA\\\":{\\\"x\\\":-0.0657,\\\"y\\\":-0.0489,\\\"z\\\":-1.5841,\\\"normalized\\\":{\\\"x\\\":-0.04141933,\\\"y\\\":-0.0308280867,\\\"z\\\":-0.9986661,\\\"normalized\\\":{\\\"x\\\":-0.0414193347,\\\"y\\\":-0.0308280885,\\\"z\\\":-0.998666167,\\\"magnitude\\\":1.0,\\\"sqrMagnitude\\\":1.0},\\\"magnitude\\\":0.99999994,\\\"sqrMagnitude\\\":0.99999994},\\\"magnitude\\\":1.58621585,\\\"sqrMagnitude\\\":2.51608062},\\\"PosB\\\":{\\\"x\\\":-0.0657,\\\"y\\\":-0.0296,\\\"z\\\":-1.287,\\\"normalized\\\":{\\\"x\\\":-0.0509691276,\\\"y\\\":-0.02296326,\\\"z\\\":-0.9984362,\\\"magnitude\\\":1.0,\\\"sqrMagnitude\\\":1.0},\\\"magnitude\\\":1.28901565,\\\"sqrMagnitude\\\":1.66156149}}\",\"{\\\"RopeType\\\":0,\\\"PosA\\\":{\\\"x\\\":-0.0657,\\\"y\\\":-0.0487,\\\"z\\\":-1.6393,\\\"normalized\\\":{\\\"x\\\":-0.0400283039,\\\"y\\\":-0.0296709035,\\\"z\\\":-0.9987579,\\\"normalized\\\":{\\\"x\\\":-0.0400283076,\\\"y\\\":-0.0296709053,\\\"z\\\":-0.998757958,\\\"magnitude\\\":1.0,\\\"sqrMagnitude\\\":1.00000012},\\\"magnitude\\\":0.99999994,\\\"sqrMagnitude\\\":0.99999994},\\\"magnitude\\\":1.64133871,\\\"sqrMagnitude\\\":2.69399261},\\\"PosB\\\":{\\\"x\\\":-0.0657,\\\"y\\\":-0.1916,\\\"z\\\":-1.2189,\\\"normalized\\\":{\\\"x\\\":-0.0531719066,\\\"y\\\":-0.1550645,\\\"z\\\":-0.986472368,\\\"magnitude\\\":1.0,\\\"sqrMagnitude\\\":1.0},\\\"magnitude\\\":1.2356149,\\\"sqrMagnitude\\\":1.52674413}}\",\"{\\\"RopeType\\\":0,\\\"PosA\\\":{\\\"x\\\":-0.0657,\\\"y\\\":-0.1216,\\\"z\\\":-1.5962,\\\"normalized\\\":{\\\"x\\\":-0.0410068147,\\\"y\\\":-0.07589693,\\\"z\\\":-0.9962721,\\\"magnitude\\\":1.0,\\\"sqrMagnitude\\\":1.0},\\\"magnitude\\\":1.60217273,\\\"sqrMagnitude\\\":2.56695747},\\\"PosB\\\":{\\\"x\\\":-0.1276,\\\"y\\\":-0.0296,\\\"z\\\":-1.287,\\\"normalized\\\":{\\\"x\\\":-0.09863575,\\\"y\\\":-0.02288102,\\\"z\\\":-0.99486053,\\\"magnitude\\\":1.0,\\\"sqrMagnitude\\\":1.0},\\\"magnitude\\\":1.2936486,\\\"sqrMagnitude\\\":1.67352676}}\",\"{\\\"RopeType\\\":2,\\\"PosA\\\":{\\\"x\\\":-0.0351,\\\"y\\\":-0.1897,\\\"z\\\":-1.8216,\\\"normalized\\\":{\\\"x\\\":-0.0191616155,\\\"y\\\":-0.103560068,\\\"z\\\":-0.9944386,\\\"normalized\\\":{\\\"x\\\":-0.0191616174,\\\"y\\\":-0.103560075,\\\"z\\\":-0.994438648,\\\"magnitude\\\":1.0,\\\"sqrMagnitude\\\":1.00000012},\\\"magnitude\\\":0.99999994,\\\"sqrMagnitude\\\":0.99999994},\\\"magnitude\\\":1.83178723,\\\"sqrMagnitude\\\":3.35544443},\\\"PosB\\\":{\\\"x\\\":-0.12300051,\\\"y\\\":-0.0456545353,\\\"z\\\":-1.4641428,\\\"normalized\\\":{\\\"x\\\":-0.08367328,\\\"y\\\":-0.03105731,\\\"z\\\":-0.9960092,\\\"magnitude\\\":1.0,\\\"sqrMagnitude\\\":1.0},\\\"magnitude\\\":1.47000933,\\\"sqrMagnitude\\\":2.16092753}}\",\"{\\\"RopeType\\\":2,\\\"PosA\\\":{\\\"x\\\":-0.0351,\\\"y\\\":-0.2805,\\\"z\\\":-1.2369,\\\"normalized\\\":{\\\"x\\\":-0.0276641045,\\\"y\\\":-0.221076369,\\\"z\\\":-0.974864066,\\\"magnitude\\\":1.0,\\\"sqrMagnitude\\\":1.0},\\\"magnitude\\\":1.26879227,\\\"sqrMagnitude\\\":1.60983384},\\\"PosB\\\":{\\\"x\\\":-0.12300051,\\\"y\\\":-0.0456545353,\\\"z\\\":-1.4641428,\\\"normalized\\\":{\\\"x\\\":-0.08367328,\\\"y\\\":-0.03105731,\\\"z\\\":-0.9960092,\\\"magnitude\\\":1.0,\\\"sqrMagnitude\\\":1.0},\\\"magnitude\\\":1.47000933,\\\"sqrMagnitude\\\":2.16092753}}\",\"{\\\"RopeType\\\":2,\\\"PosA\\\":{\\\"x\\\":-0.0351,\\\"y\\\":-0.2805,\\\"z\\\":-1.4336,\\\"normalized\\\":{\\\"x\\\":-0.024021266,\\\"y\\\":-0.1919648,\\\"z\\\":-0.9811078,\\\"normalized\\\":{\\\"x\\\":-0.0240212679,\\\"y\\\":-0.19196482,\\\"z\\\":-0.981107831,\\\"magnitude\\\":1.0,\\\"sqrMagnitude\\\":1.00000012},\\\"magnitude\\\":0.99999994,\\\"sqrMagnitude\\\":0.99999994},\\\"magnitude\\\":1.46120536,\\\"sqrMagnitude\\\":2.135121},\\\"PosB\\\":{\\\"x\\\":-0.0351,\\\"y\\\":-0.3385,\\\"z\\\":-1.3733,\\\"normalized\\\":{\\\"x\\\":-0.0248084944,\\\"y\\\":-0.239249989,\\\"z\\\":-0.9706411,\\\"magnitude\\\":1.0,\\\"sqrMagnitude\\\":1.00000012},\\\"magnitude\\\":1.41483808,\\\"sqrMagnitude\\\":2.001767}}\"]"}