{"standtask_id":123,"standtask_name":"","conn_json":"[{\"A\":\"959208a6-ded1-45e9-b474-9c9f912d2312\",\"B\":\"0595e02a-dddc-47b2-9355-82d834542875\"}]","rope_json":"[\"{\\\"RopeType\\\":3,\\\"PosA\\\":{\\\"x\\\":-0.0657,\\\"y\\\":-0.00380000472,\\\"z\\\":-1.3625,\\\"normalized\\\":{\\\"x\\\":-0.0481640361,\\\"y\\\":-0.00278574671,\\\"z\\\":-0.9988355,\\\"normalized\\\":{\\\"x\\\":-0.04816404,\\\"y\\\":-0.002785747,\\\"z\\\":-0.998835564,\\\"magnitude\\\":1.0,\\\"sqrMagnitude\\\":1.0},\\\"magnitude\\\":0.99999994,\\\"sqrMagnitude\\\":0.9999999},\\\"magnitude\\\":1.36408842,\\\"sqrMagnitude\\\":1.86073709},\\\"PosB\\\":{\\\"x\\\":-0.0657,\\\"y\\\":0.0155000091,\\\"z\\\":-1.3625,\\\"normalized\\\":{\\\"x\\\":-0.0481611155,\\\"y\\\":0.0113622174,\\\"z\\\":-0.998774946,\\\"magnitude\\\":1.0,\\\"sqrMagnitude\\\":1.0},\\\"magnitude\\\":1.36417115,\\\"sqrMagnitude\\\":1.86096287},\\\"RopeColor\\\":{\\\"x\\\":0.0,\\\"y\\\":0.0,\\\"z\\\":0.0,\\\"magnitude\\\":0.0,\\\"sqrMagnitude\\\":0.0}}\"]"}