{"standtask_id":123,"standtask_name":"","conn_json":"[{\"A\":\"13d8f92b-2faa-420f-8b0f-826f3cab57fa\",\"B\":\"2eba48f9-8e64-4767-9772-e5f8e93fd158\"},{\"A\":\"2a17cd79-758a-49ee-8999-8682fd151338\",\"B\":\"fcf37949-3707-448b-b6c8-871d41d8d439\"},{\"A\":\"e7ec30d5-a9fa-4b1a-aafa-90d9bad4e4f7\",\"B\":\"42ae6b06-5379-4a45-9201-2c48e50a8b27\"}]","rope_json":"[\"{\\\"RopeType\\\":0,\\\"PosA\\\":{\\\"x\\\":-0.0657,\\\"y\\\":-0.0989,\\\"z\\\":-1.4071,\\\"normalized\\\":{\\\"x\\\":-0.046526432,\\\"y\\\":-0.07003751,\\\"z\\\":-0.996458769,\\\"magnitude\\\":1.0,\\\"sqrMagnitude\\\":1.0},\\\"magnitude\\\":1.41210055,\\\"sqrMagnitude\\\":1.994028},\\\"PosB\\\":{\\\"x\\\":-0.0657,\\\"y\\\":-0.0989,\\\"z\\\":-1.2186,\\\"normalized\\\":{\\\"x\\\":-0.05366022,\\\"y\\\":-0.0807761848,\\\"z\\\":-0.9952868,\\\"magnitude\\\":1.0,\\\"sqrMagnitude\\\":1.00000012},\\\"magnitude\\\":1.22437072,\\\"sqrMagnitude\\\":1.49908376},\\\"RopeColor\\\":{\\\"x\\\":0.943932056,\\\"y\\\":0.8946415,\\\"z\\\":0.9395182,\\\"normalized\\\":{\\\"x\\\":0.5883412,\\\"y\\\":0.557619,\\\"z\\\":0.585590065,\\\"magnitude\\\":1.0,\\\"sqrMagnitude\\\":1.0},\\\"magnitude\\\":1.60439575,\\\"sqrMagnitude\\\":2.57408571}}\",\"{\\\"RopeType\\\":0,\\\"PosA\\\":{\\\"x\\\":-0.0657,\\\"y\\\":-0.0489,\\\"z\\\":-1.5841,\\\"normalized\\\":{\\\"x\\\":-0.04141933,\\\"y\\\":-0.0308280867,\\\"z\\\":-0.9986661,\\\"normalized\\\":{\\\"x\\\":-0.0414193347,\\\"y\\\":-0.0308280885,\\\"z\\\":-0.998666167,\\\"magnitude\\\":1.0,\\\"sqrMagnitude\\\":1.0},\\\"magnitude\\\":0.99999994,\\\"sqrMagnitude\\\":0.99999994},\\\"magnitude\\\":1.58621585,\\\"sqrMagnitude\\\":2.51608062},\\\"PosB\\\":{\\\"x\\\":-0.0657,\\\"y\\\":-0.1443,\\\"z\\\":-1.4074,\\\"normalized\\\":{\\\"x\\\":-0.0463883877,\\\"y\\\":-0.101884991,\\\"z\\\":-0.9937141,\\\"magnitude\\\":1.0,\\\"sqrMagnitude\\\":1.00000012},\\\"magnitude\\\":1.4163028,\\\"sqrMagnitude\\\":2.00591373},\\\"RopeColor\\\":{\\\"x\\\":0.668305,\\\"y\\\":0.1225058,\\\"z\\\":0.324134976,\\\"normalized\\\":{\\\"x\\\":0.887763,\\\"y\\\":0.16273427,\\\"z\\\":0.430574447,\\\"magnitude\\\":1.0,\\\"sqrMagnitude\\\":1.0},\\\"magnitude\\\":0.7527966,\\\"sqrMagnitude\\\":0.5667027}}\",\"{\\\"RopeType\\\":0,\\\"PosA\\\":{\\\"x\\\":-0.0657,\\\"y\\\":0.0450000167,\\\"z\\\":-1.5845,\\\"normalized\\\":{\\\"x\\\":-0.0414119177,\\\"y\\\":0.028364338,\\\"z\\\":-0.9987395,\\\"magnitude\\\":1.0,\\\"sqrMagnitude\\\":1.0},\\\"magnitude\\\":1.58649981,\\\"sqrMagnitude\\\":2.5169816},\\\"PosB\\\":{\\\"x\\\":-0.0657,\\\"y\\\":-0.00350001454,\\\"z\\\":-1.3394,\\\"normalized\\\":{\\\"x\\\":-0.04899274,\\\"y\\\":-0.00260997424,\\\"z\\\":-0.998795748,\\\"magnitude\\\":1.0,\\\"sqrMagnitude\\\":1.0},\\\"magnitude\\\":1.341015,\\\"sqrMagnitude\\\":1.79832125},\\\"RopeColor\\\":{\\\"x\\\":0.009794236,\\\"y\\\":0.8938583,\\\"z\\\":0.157064334,\\\"normalized\\\":{\\\"x\\\":0.0107912915,\\\"y\\\":0.9848533,\\\"z\\\":0.173053518,\\\"magnitude\\\":1.0,\\\"sqrMagnitude\\\":1.0},\\\"magnitude\\\":0.9076055,\\\"sqrMagnitude\\\":0.8237478}}\"]"}