{"standtask_id":12345,"standtask_name":"","conn_json":"[{\"A\":\"13d8f92b-2faa-420f-8b0f-826f3cab57fa\",\"B\":\"03c65ef2-b65f-4e71-9800-3f2f910c6dfa\"}]","rope_json":"[\"{\\\"RopeType\\\":3,\\\"PosA\\\":{\\\"x\\\":-0.0657,\\\"y\\\":-0.09889999,\\\"z\\\":-1.4071,\\\"normalized\\\":{\\\"x\\\":-0.046526432,\\\"y\\\":-0.0700375,\\\"z\\\":-0.996458769,\\\"magnitude\\\":1.0,\\\"sqrMagnitude\\\":1.0},\\\"magnitude\\\":1.41210055,\\\"sqrMagnitude\\\":1.994028},\\\"PosB\\\":{\\\"x\\\":-0.0657,\\\"y\\\":-0.09889999,\\\"z\\\":-1.3877,\\\"normalized\\\":{\\\"x\\\":-0.0471721776,\\\"y\\\":-0.071009554,\\\"z\\\":-0.996359646,\\\"magnitude\\\":1.0,\\\"sqrMagnitude\\\":1.00000012},\\\"magnitude\\\":1.39277017,\\\"sqrMagnitude\\\":1.93980885}}\"]"}