{"standtask_id":33333,"standtask_name":"","conn_json":"[{\"A\":\"13d8f92b-2faa-420f-8b0f-826f3cab57fa\",\"B\":\"807e0ad8-d741-4986-94da-483ca178ac6a\"},{\"A\":\"0927c6d1-380a-4155-a05c-b45e28b9a336\",\"B\":\"e46effb2-2b7b-4833-931c-7ca60bb61e69\"}]","rope_json":"[\"{\\\"RopeType\\\":0,\\\"PosA\\\":{\\\"x\\\":-0.0657,\\\"y\\\":-0.09889999,\\\"z\\\":-1.5768,\\\"normalized\\\":{\\\"x\\\":-0.0415490419,\\\"y\\\":-0.0625449,\\\"z\\\":-0.997176945,\\\"magnitude\\\":1.0,\\\"sqrMagnitude\\\":1.0},\\\"magnitude\\\":1.581264,\\\"sqrMagnitude\\\":2.500396},\\\"PosB\\\":{\\\"x\\\":-0.0657,\\\"y\\\":-0.09889999,\\\"z\\\":-1.4071,\\\"normalized\\\":{\\\"x\\\":-0.046526432,\\\"y\\\":-0.0700375,\\\"z\\\":-0.996458769,\\\"magnitude\\\":1.0,\\\"sqrMagnitude\\\":1.0},\\\"magnitude\\\":1.41210055,\\\"sqrMagnitude\\\":1.994028},\\\"RopeColor\\\":{\\\"x\\\":0.635921657,\\\"y\\\":0.008275748,\\\"z\\\":0.912143,\\\"normalized\\\":{\\\"x\\\":0.571889162,\\\"y\\\":0.007442443,\\\"z\\\":0.8202971,\\\"magnitude\\\":1.0,\\\"sqrMagnitude\\\":1.0},\\\"magnitude\\\":1.11196661,\\\"sqrMagnitude\\\":1.23646963}}\",\"{\\\"RopeType\\\":0,\\\"PosA\\\":{\\\"x\\\":-0.0657,\\\"y\\\":-0.191599965,\\\"z\\\":-1.5771,\\\"normalized\\\":{\\\"x\\\":-0.04131935,\\\"y\\\":-0.12049903,\\\"z\\\":-0.9918531,\\\"normalized\\\":{\\\"x\\\":-0.0413193554,\\\"y\\\":-0.120499037,\\\"z\\\":-0.9918532,\\\"magnitude\\\":1.0,\\\"sqrMagnitude\\\":1.0},\\\"magnitude\\\":0.99999994,\\\"sqrMagnitude\\\":0.99999994},\\\"magnitude\\\":1.590054,\\\"sqrMagnitude\\\":2.52827168},\\\"PosB\\\":{\\\"x\\\":-0.0657,\\\"y\\\":-0.16839999,\\\"z\\\":-1.2192,\\\"normalized\\\":{\\\"x\\\":-0.0533051044,\\\"y\\\":-0.13662982,\\\"z\\\":-0.989186943,\\\"normalized\\\":{\\\"x\\\":-0.0533051081,\\\"y\\\":-0.136629835,\\\"z\\\":-0.989187,\\\"magnitude\\\":1.0,\\\"sqrMagnitude\\\":1.00000012},\\\"magnitude\\\":0.99999994,\\\"sqrMagnitude\\\":0.99999994},\\\"magnitude\\\":1.23252738,\\\"sqrMagnitude\\\":1.51912367},\\\"RopeColor\\\":{\\\"x\\\":0.9436954,\\\"y\\\":0.544915855,\\\"z\\\":0.6525491,\\\"normalized\\\":{\\\"x\\\":0.7429718,\\\"y\\\":0.429012477,\\\"z\\\":0.513752162,\\\"magnitude\\\":1.0,\\\"sqrMagnitude\\\":1.0},\\\"magnitude\\\":1.27016318,\\\"sqrMagnitude\\\":1.61331463}}\"]"}