{"standtask_id":123456,"standtask_name":"","conn_json":"[{\"A\":\"807e0ad8-d741-4986-94da-483ca178ac6a\",\"B\":\"959208a6-ded1-45e9-b474-9c9f912d2312\"},{\"A\":\"2eba48f9-8e64-4767-9772-e5f8e93fd158\",\"B\":\"fcf37949-3707-448b-b6c8-871d41d8d439\"},{\"A\":\"0927c6d1-380a-4155-a05c-b45e28b9a336\",\"B\":\"c12e1872-2ecb-4912-b33a-2c0c269cc9bc\"},{\"A\":\"cfc2247e-c234-48db-bca5-19e0ecea7760\",\"B\":\"c381eada-2ea6-414f-9ce5-2e9f0193cbc1\"}]","rope_json":"[\"{\\\"RopeType\\\":0,\\\"PosA\\\":{\\\"x\\\":-0.0657,\\\"y\\\":-0.0989,\\\"z\\\":-1.5768,\\\"normalized\\\":{\\\"x\\\":-0.0415490419,\\\"y\\\":-0.0625449,\\\"z\\\":-0.997176945,\\\"magnitude\\\":1.0,\\\"sqrMagnitude\\\":1.0},\\\"magnitude\\\":1.581264,\\\"sqrMagnitude\\\":2.500396},\\\"PosB\\\":{\\\"x\\\":-0.0657,\\\"y\\\":-0.0038,\\\"z\\\":-1.3625,\\\"normalized\\\":{\\\"x\\\":-0.0481640361,\\\"y\\\":-0.00278574321,\\\"z\\\":-0.9988355,\\\"normalized\\\":{\\\"x\\\":-0.04816404,\\\"y\\\":-0.00278574345,\\\"z\\\":-0.998835564,\\\"magnitude\\\":1.0,\\\"sqrMagnitude\\\":1.0},\\\"magnitude\\\":0.99999994,\\\"sqrMagnitude\\\":0.9999999},\\\"magnitude\\\":1.36408842,\\\"sqrMagnitude\\\":1.86073709},\\\"RopeColor\\\":{\\\"x\\\":0.0,\\\"y\\\":0.0,\\\"z\\\":0.0,\\\"magnitude\\\":0.0,\\\"sqrMagnitude\\\":0.0}}\",\"{\\\"RopeType\\\":0,\\\"PosA\\\":{\\\"x\\\":-0.0657,\\\"y\\\":-0.144299984,\\\"z\\\":-1.4074,\\\"normalized\\\":{\\\"x\\\":-0.0463883877,\\\"y\\\":-0.101884983,\\\"z\\\":-0.9937141,\\\"magnitude\\\":1.0,\\\"sqrMagnitude\\\":1.00000012},\\\"magnitude\\\":1.4163028,\\\"sqrMagnitude\\\":2.00591373},\\\"PosB\\\":{\\\"x\\\":-0.0657,\\\"y\\\":-0.09889999,\\\"z\\\":-1.2186,\\\"normalized\\\":{\\\"x\\\":-0.05366022,\\\"y\\\":-0.08077618,\\\"z\\\":-0.9952868,\\\"magnitude\\\":1.0,\\\"sqrMagnitude\\\":1.00000012},\\\"magnitude\\\":1.22437072,\\\"sqrMagnitude\\\":1.49908376},\\\"RopeColor\\\":{\\\"x\\\":0.280730158,\\\"y\\\":0.263155,\\\"z\\\":0.60312444,\\\"normalized\\\":{\\\"x\\\":0.392401665,\\\"y\\\":0.3678353,\\\"z\\\":0.843041,\\\"magnitude\\\":1.0,\\\"sqrMagnitude\\\":1.0},\\\"magnitude\\\":0.7154153,\\\"sqrMagnitude\\\":0.511819065}}\",\"{\\\"RopeType\\\":0,\\\"PosA\\\":{\\\"x\\\":-0.0657,\\\"y\\\":-0.2148,\\\"z\\\":-1.4074,\\\"normalized\\\":{\\\"x\\\":-0.0460983925,\\\"y\\\":-0.150714383,\\\"z\\\":-0.987502,\\\"magnitude\\\":1.0,\\\"sqrMagnitude\\\":1.0},\\\"magnitude\\\":1.42521238,\\\"sqrMagnitude\\\":2.03123021},\\\"PosB\\\":{\\\"x\\\":-0.0657,\\\"y\\\":-0.16839999,\\\"z\\\":-1.2192,\\\"normalized\\\":{\\\"x\\\":-0.0533051044,\\\"y\\\":-0.13662982,\\\"z\\\":-0.989186943,\\\"normalized\\\":{\\\"x\\\":-0.0533051081,\\\"y\\\":-0.136629835,\\\"z\\\":-0.989187,\\\"magnitude\\\":1.0,\\\"sqrMagnitude\\\":1.00000012},\\\"magnitude\\\":0.99999994,\\\"sqrMagnitude\\\":0.99999994},\\\"magnitude\\\":1.23252738,\\\"sqrMagnitude\\\":1.51912367},\\\"RopeColor\\\":{\\\"x\\\":0.498701274,\\\"y\\\":0.8731055,\\\"z\\\":0.999195457,\\\"normalized\\\":{\\\"x\\\":0.3518086,\\\"y\\\":0.6159319,\\\"z\\\":0.704882,\\\"magnitude\\\":1.0,\\\"sqrMagnitude\\\":1.00000012},\\\"magnitude\\\":1.41753578,\\\"sqrMagnitude\\\":2.00940776}}\",\"{\\\"RopeType\\\":0,\\\"PosA\\\":{\\\"x\\\":-0.0657,\\\"y\\\":0.0476,\\\"z\\\":-1.287,\\\"normalized\\\":{\\\"x\\\":-0.0509478264,\\\"y\\\":0.0369119719,\\\"z\\\":-0.998019,\\\"magnitude\\\":1.0,\\\"sqrMagnitude\\\":1.0},\\\"magnitude\\\":1.2895546,\\\"sqrMagnitude\\\":1.66295111},\\\"PosB\\\":{\\\"x\\\":-0.0657,\\\"y\\\":-0.05430001,\\\"z\\\":-1.085,\\\"normalized\\\":{\\\"x\\\":-0.06036701,\\\"y\\\":-0.0498923771,\\\"z\\\":-0.9969286,\\\"magnitude\\\":1.0,\\\"sqrMagnitude\\\":1.0},\\\"magnitude\\\":1.08834279,\\\"sqrMagnitude\\\":1.18449008},\\\"RopeColor\\\":{\\\"x\\\":0.0636052,\\\"y\\\":0.356397778,\\\"z\\\":0.492428243,\\\"normalized\\\":{\\\"x\\\":0.104068168,\\\"y\\\":0.583123147,\\\"z\\\":0.8056905,\\\"magnitude\\\":1.0,\\\"sqrMagnitude\\\":1.0},\\\"magnitude\\\":0.6111878,\\\"sqrMagnitude\\\":0.373550564}}\"]"}